Score	Product
1431521.29704	MIU MIU embellished intarsia jumper.jpg
1455861.62622	Alexander McQueen fitted tailored blazer.jpg
1585979.63301	KENZO Tiger embroidered cotton jersey sweatshirt.jpg
1594830.04609	Saint Laurent sabl crystal edge plunge mini dress.jpg
1648519.03828	FENDI logo embroidered sweatshirt.jpg
1682517.93057	Balmain printed sweatshirt.jpg
1695518.29944	Saint Laurent elongated sleeve cropped jacket.jpg
1774200.49587	GUCCI button placket dress.jpg
1934579.47502	GUCCI floral embroidered blazer.jpg
2061095.609	FENDI faux pearl embellished blouse.jpg
2074871.65097	MIU MIU velvet sahariana jacket.jpg
2173606.63254	MIU MIU cropped trousers.jpg
2194501.7744	Alexander McQueen embroidered sweatshirt.jpg
2391842.29214	ALLSAINTS Balfern leather biker jacket.jpg
2393548.28076	Saint Laurent double breasted coat .jpg
2440193.04618	Alexander McQueen Love wreath print sweatshirt .jpg
2492933.56617	GUCCI crystal embellished technical jersey sweatshirt.jpg
2493744.57648	SALVATORE FERRAGAMO leopard print coat.jpg
2530505.97575	MIU MIU Name badge denim shirt.jpg
2628264.30967	GUCCI embroidered dress.jpg
2651793.87079	SALVATORE FERRAGAMO felt coat.jpg
2661214.99223	GUCCI embellished lace trimmed dress.jpg
2683504.51014	Saint Laurent metallic ruched mini skirt .jpg
2700373.13159	SALVATORE FERRAGAMO reversible puffer jacket.jpg
2711936.78702	GUCCI Leather mid heel ankle boot.jpg
2746364.69225	COMME DES GARCONS PLAY Embroidered heart wool cardigan.jpg
2750022.28153	Saint Laurent asymmetric denim shorts.jpg
2753110.06771	GUCCI Gucci logo sweatshirt.jpg
2756139.95955	Saint Laurent scoop neck tank top .jpg
2762244.92465	HELMUT LANG Re Edition studded cotton hoody.jpg
2781599.17979	Saint Laurent oversized embroidered shirt.jpg
2789685.57027	SALVATORE FERRAGAMO leather fringed jacket.jpg
2796643.97276	MIU MIU cropped wide leg trousers.jpg
2820621.45405	Saint Laurent logo patch shirt.jpg
2827119.16142	Saint Laurent crystal embellished one shoulder top.jpg
2831350.1177	Burberry Kensington wool and cashmere blend coat.jpg
2838816.6731	GUCCI Web trim shift dress.jpg
2841151.3383	Saint Laurent Lou Lou knitted jumper .jpg
2849475.19672	Alexander McQueen classic culottes .jpg
2851175.00648	MIU MIU Jersey Parrot print trousers.jpg
2858302.40841	Alexander McQueen embroidered patch wide leg jeans.jpg
2859541.81869	THEORY Karenia round neck cashmere jumper.jpg
2866081.85837	Saint Laurent platform pumps.jpg
2873000.16515	Alexander McQueen lace up detail double breasted coat.jpg
2873526.67444	MONSE strapless contrast fitted dress.jpg
2874915.75944	KENZO Evil eye embroidered cotton jersey hoody.jpg
2890488.66517	MIU MIU bow tartan smock dress.jpg
2912019.7912	GIVENCHY logo trim track pants.jpg
2915750.86753	MIU MIU striped midi skirt.jpg
2925486.58966	ANNA SUI printed belted dress.jpg
2934676.9786	Saint Laurent platform crossover strap sandals.jpg
2939903.69899	GIAMBATTISTA VALLI boucl tweed flared dress.jpg
2944815.22732	Alexander McQueen Petal Print blouse.jpg
2947092.38524	Saint Laurent pussy bow mini dress.jpg
2948033.61538	CANADA GOOSE Shelburne shell and down parka coat.jpg
2949627.65321	GUCCI Technical jersey stirrup leggings with crystals.jpg
2952985.62753	Alexander McQueen studded fringe heel ankle boots .jpg
2953195.24674	GUCCI butterfly appliqu gabardine trench coat.jpg
2954412.30005	GUCCI embroidered denim jacket.jpg
2959245.52896	GUCCI checked stirrup trousers.jpg
2962790.86323	KENZO Icon Tiger embroidered cotton jersey sweatshirt.jpg
2962957.49113	SALVATORE FERRAGAMO double Gancio slides.jpg
2965645.67847	MIU MIU Cady dress.jpg
2967339.37105	DOLCE GABBANA polka dot sheer skirt.jpg
2969450.83951	SALVATORE FERRAGAMO sneaker mules.jpg
2972575.81575	Saint Laurent LouLou 95 cross strap sandals.jpg
2973249.30838	SELF PORTRAIT Pleated Trim crepe mini dress.jpg
2974591.51317	SALVATORE FERRAGAMO studded waist belt.jpg
2975230.30982	Alexander McQueen embroidered slippers.jpg
2975403.26974	ALEXACHUNG Lonely Hearts Club cotton jersey T shirt.jpg
2975649.68279	MIU MIU bootcut tailored trousers.jpg
2976909.00578	SALVATORE FERRAGAMO leopard pattern logo buckle belt.jpg
2979642.45164	GUCCI Florage printed skirt.jpg
2980239.8775	SOLACE LONDON Klara crepe midi dress.jpg
2980411.67422	SALVATORE FERRAGAMO fur Vara ballerina shoes.jpg
2982107.13759	GUCCI embroidered shearling denim jacket.jpg
2983860.67666	GUCCI floral print dress.jpg
2985023.99616	GUCCI GG Web embroidered coat.jpg
2986387.31059	GUCCI Ayers mid heel pumps.jpg
2986432.01772	Saint Laurent distressed fitted jeans.jpg
2986594.80419	MIU MIU pearl embellished T shirt.jpg
2986943.69258	REBECCA VALLANCE Montecarlo dress.jpg
2987252.1981	Saint Laurent Signature Court Classic SL 01 Lips sneakers.jpg
2987394.82565	Alexander McQueen McQueen bug print T shirt.jpg
2987743.31065	Saint Laurent long sleeve scarf blouse.jpg
2988270.15844	GUCCI Ace crystal embellished sneakers.jpg
2991282.1585	SELF PORTRAIT Floral fil coupe top.jpg
2992075.29112	FENDI poplin shirt dress.jpg
2995220.34025	MIU MIU jewel buckled pumps.jpg
2998567.63033	GUCCI Viscose jersey dress with crystals.jpg
3000642.22768	SALVATORE FERRAGAMO Gancio embellished turtleneck.jpg
3010906.43021	GUCCI Belted wool silk dress.jpg
3039676.64883	MIU MIU flared skirt.jpg
3097154.79525	SELF PORTRAIT Monochrome Calista cold shoulder crepe midi dress.jpg
3143175.12307	MIU MIU faux fur jacket.jpg
4240333.76267	GUCCI pleated Bermuda trousers.jpg
